n,caso,k,p,disponibilidade_analitica,disponibilidade_experimental,erro_absoluto
1,k = 1,1,0.0,0.0,0.0,0.0
1,k = 1,1,0.05,0.05,0.0491,0.000900000000000005
1,k = 1,1,0.1,0.1,0.09951,0.0004900000000000043
1,k = 1,1,0.15000000000000002,0.15000000000000002,0.15093,0.0009299999999999864
1,k = 1,1,0.2,0.2,0.20217,0.0021699999999999775
1,k = 1,1,0.25,0.25,0.2474,0.002599999999999991
1,k = 1,1,0.30000000000000004,0.30000000000000004,0.29833,0.0016700000000000603
1,k = 1,1,0.35000000000000003,0.35000000000000003,0.34912,0.0008800000000000474
1,k = 1,1,0.4,0.4,0.3989,0.0011000000000000454
1,k = 1,1,0.45,0.45,0.45056,0.0005600000000000049
1,k = 1,1,0.5,0.5,0.50121,0.0012100000000000444
1,k = 1,1,0.55,0.55,0.54981,0.00019000000000002348
1,k = 1,1,0.6000000000000001,0.6000000000000001,0.59994,6.0000000000060005e-05
1,k = 1,1,0.65,0.65,0.65028,0.00027999999999994696
1,k = 1,1,0.7000000000000001,0.7000000000000001,0.70298,0.0029799999999999827
1,k = 1,1,0.75,0.75,0.75023,0.00022999999999995246
1,k = 1,1,0.8,0.8,0.79896,0.001040000000000041
1,k = 1,1,0.8500000000000001,0.8500000000000001,0.84931,0.0006900000000000794
1,k = 1,1,0.9,0.9,0.89978,0.00021999999999999797
1,k = 1,1,0.9500000000000001,0.9500000000000001,0.95115,0.0011499999999999844
1,k = 1,1,1.0,1.0,1.0,0.0
1,k = n/2,1,0.0,0.0,0.0,0.0
1,k = n/2,1,0.05,0.05,0.04839,0.0016100000000000003
1,k = n/2,1,0.1,0.1,0.10071,0.0007099999999999884
1,k = n/2,1,0.15000000000000002,0.15000000000000002,0.14857,0.0014300000000000146
1,k = n/2,1,0.2,0.2,0.2012,0.0011999999999999789
1,k = n/2,1,0.25,0.25,0.2513,0.0013000000000000234
1,k = n/2,1,0.30000000000000004,0.30000000000000004,0.29935,0.0006500000000000394
1,k = n/2,1,0.35000000000000003,0.35000000000000003,0.35341,0.0034099999999999686
1,k = n/2,1,0.4,0.4,0.40095,0.0009499999999999509
1,k = n/2,1,0.45,0.45,0.45094,0.0009399999999999964
1,k = n/2,1,0.5,0.5,0.4984,0.0015999999999999903
1,k = n/2,1,0.55,0.55,0.55353,0.003529999999999922
1,k = n/2,1,0.6000000000000001,0.6000000000000001,0.60093,0.0009299999999998754
1,k = n/2,1,0.65,0.65,0.64963,0.00036999999999998145
1,k = n/2,1,0.7000000000000001,0.7000000000000001,0.70131,0.0013099999999999223
1,k = n/2,1,0.75,0.75,0.75351,0.003510000000000013
1,k = n/2,1,0.8,0.8,0.79966,0.00034000000000000696
1,k = n/2,1,0.8500000000000001,0.8500000000000001,0.8508,0.0007999999999999119
1,k = n/2,1,0.9,0.9,0.90032,0.00031999999999998696
1,k = n/2,1,0.9500000000000001,0.9500000000000001,0.94996,4.0000000000040004e-05
1,k = n/2,1,1.0,1.0,1.0,0.0
1,k = n,1,0.0,0.0,0.0,0.0
1,k = n,1,0.05,0.05,0.04862,0.0013800000000000062
1,k = n,1,0.1,0.1,0.09968,0.00032000000000000084
1,k = n,1,0.15000000000000002,0.15000000000000002,0.15025,0.00024999999999997247
1,k = n,1,0.2,0.2,0.2002,0.00019999999999997797
1,k = n,1,0.25,0.25,0.24936,0.0006400000000000017
1,k = n,1,0.30000000000000004,0.30000000000000004,0.29968,0.00032000000000004247
1,k = n,1,0.35000000000000003,0.35000000000000003,0.34789,0.0021100000000000563
1,k = n,1,0.4,0.4,0.40014,0.00013999999999997348
1,k = n,1,0.45,0.45,0.44964,0.00036000000000002697
1,k = n,1,0.5,0.5,0.50039,0.00039000000000000146
1,k = n,1,0.55,0.55,0.54929,0.0007100000000000994
1,k = n,1,0.6000000000000001,0.6000000000000001,0.60301,0.003009999999999957
1,k = n,1,0.65,0.65,0.65001,9.99999999995449e-06
1,k = n,1,0.7000000000000001,0.7000000000000001,0.70013,0.00012999999999996348
1,k = n,1,0.75,0.75,0.74993,7.00000000000145e-05
1,k = n,1,0.8,0.8,0.7985,0.0015000000000000568
1,k = n,1,0.8500000000000001,0.8500000000000001,0.84786,0.002140000000000142
1,k = n,1,0.9,0.9,0.90026,0.00025999999999992696
1,k = n,1,0.9500000000000001,0.9500000000000001,0.95053,0.0005299999999999194
1,k = n,1,1.0,1.0,1.0,0.0
2,k = 1,1,0.0,0.0,0.0,0.0
2,k = 1,1,0.05,0.0975,0.09886,0.00136
2,k = 1,1,0.1,0.19000000000000003,0.19092,0.0009199999999999764
2,k = 1,1,0.15000000000000002,0.2775,0.27868,0.0011799999999999589
2,k = 1,1,0.2,0.3600000000000001,0.3604,0.00039999999999990044
2,k = 1,1,0.25,0.4375,0.43667,0.0008299999999999974
2,k = 1,1,0.30000000000000004,0.51,0.50767,0.0023300000000000542
2,k = 1,1,0.35000000000000003,0.5775,0.57687,0.0006300000000000194
2,k = 1,1,0.4,0.64,0.64118,0.0011799999999999589
2,k = 1,1,0.45,0.6975,0.69692,0.0005800000000000249
2,k = 1,1,0.5,0.75,0.75056,0.0005600000000000049
2,k = 1,1,0.55,0.7975000000000001,0.79964,0.0021399999999999197
2,k = 1,1,0.6000000000000001,0.8400000000000001,0.83854,0.0014600000000001279
2,k = 1,1,0.65,0.8775,0.87902,0.0015200000000000768
2,k = 1,1,0.7000000000000001,0.91,0.9109,0.0009000000000000119
2,k = 1,1,0.75,0.9375,0.93667,0.0008299999999999974
2,k = 1,1,0.8,0.9600000000000001,0.95976,0.000240000000000129
2,k = 1,1,0.8500000000000001,0.9775,0.97734,0.000160000000000049
2,k = 1,1,0.9,0.99,0.99009,9.00000000000345e-05
2,k = 1,1,0.9500000000000001,0.9974999999999999,0.99737,0.00012999999999996348
2,k = 1,1,1.0,1.0,1.0,0.0
2,k = n/2,1,0.0,0.0,0.0,0.0
2,k = n/2,1,0.05,0.0975,0.09685,0.0006499999999999978
2,k = n/2,1,0.1,0.19000000000000003,0.18902,0.0009800000000000364
2,k = n/2,1,0.15000000000000002,0.2775,0.27724,0.000260000000000038
2,k = n/2,1,0.2,0.3600000000000001,0.35802,0.001980000000000093
2,k = n/2,1,0.25,0.4375,0.43957,0.0020700000000000163
2,k = n/2,1,0.30000000000000004,0.51,0.50686,0.0031400000000000317
2,k = n/2,1,0.35000000000000003,0.5775,0.57921,0.0017099999999999893
2,k = n/2,1,0.4,0.64,0.6392,0.0008000000000000229
2,k = n/2,1,0.45,0.6975,0.6947,0.0028000000000000247
2,k = n/2,1,0.5,0.75,0.74934,0.0006599999999999939
2,k = n/2,1,0.55,0.7975000000000001,0.79858,0.0010799999999998589
2,k = n/2,1,0.6000000000000001,0.8400000000000001,0.83963,0.0003700000000000925
2,k = n/2,1,0.65,0.8775,0.87679,0.0007099999999999884
2,k = n/2,1,0.7000000000000001,0.91,0.90917,0.0008299999999999974
2,k = n/2,1,0.75,0.9375,0.93771,0.00021000000000004349
2,k = n/2,1,0.8,0.9600000000000001,0.95975,0.0002500000000000835
2,k = n/2,1,0.8500000000000001,0.9775,0.97666,0.0008400000000000629
2,k = n/2,1,0.9,0.99,0.99016,0.000160000000000049
2,k = n/2,1,0.9500000000000001,0.9974999999999999,0.99769,0.00019000000000002348
2,k = n/2,1,1.0,1.0,1.0,0.0
2,k = n,2,0.0,0.0,0.0,0.0
2,k = n,2,0.05,0.0025000000000000005,0.00246,4.000000000000054e-05
2,k = n,2,0.1,0.010000000000000002,0.01029,0.0002899999999999986
2,k = n,2,0.15000000000000002,0.022500000000000006,0.02193,0.0005700000000000045
2,k = n,2,0.2,0.04000000000000001,0.03959,0.0004100000000000076
2,k = n,2,0.25,0.0625,0.06201,0.0004899999999999974
2,k = n,2,0.30000000000000004,0.09000000000000002,0.08952,0.0004800000000000221
2,k = n,2,0.35000000000000003,0.12250000000000003,0.12265,0.0001499999999999696
2,k = n,2,0.4,0.16000000000000003,0.16026,0.00025999999999998247
2,k = n,2,0.45,0.2025,0.20165,0.0008500000000000174
2,k = n,2,0.5,0.25,0.24852,0.001480000000000009
2,k = n,2,0.55,0.30250000000000005,0.30219,0.00031000000000003247
2,k = n,2,0.6000000000000001,0.3600000000000001,0.35996,4.0000000000095515e-05
2,k = n,2,0.65,0.42250000000000004,0.42165,0.0008500000000000174
2,k = n,2,0.7000000000000001,0.4900000000000001,0.49197,0.0019699999999999163
2,k = n,2,0.75,0.5625,0.56405,0.0015500000000000513
2,k = n,2,0.8,0.6400000000000001,0.63821,0.0017900000000000693
2,k = n,2,0.8500000000000001,0.7225000000000001,0.72274,0.00023999999999990695
2,k = n,2,0.9,0.81,0.81062,0.0006199999999999539
2,k = n,2,0.9500000000000001,0.9025000000000001,0.90274,0.00023999999999990695
2,k = n,2,1.0,1.0,1.0,0.0
4,k = 1,1,0.0,0.0,0.0,0.0
4,k = 1,1,0.05,0.18549375,0.18325,0.0022437500000000166
4,k = 1,1,0.1,0.34390000000000004,0.34467,0.0007699999999999374
4,k = 1,1,0.15000000000000002,0.47799375,0.47867,0.0006762499999999894
4,k = 1,1,0.2,0.5904000000000001,0.59028,0.00012000000000012001
4,k = 1,1,0.25,0.68359375,0.68146,0.0021337500000000453
4,k = 1,1,0.30000000000000004,0.7599,0.75979,0.0001100000000000545
4,k = 1,1,0.35000000000000003,0.8214937499999998,0.81973,0.0017637499999998418
4,k = 1,1,0.4,0.8704000000000001,0.86973,0.0006700000000000594
4,k = 1,1,0.45,0.9084937500000003,0.90881,0.00031624999999968484
4,k = 1,1,0.5,0.9375,0.93755,4.999999999999449e-05
4,k = 1,1,0.55,0.9589937500000001,0.95985,0.0008562499999998918
4,k = 1,1,0.6000000000000001,0.9744,0.9742,0.000200000000000089
4,k = 1,1,0.65,0.9849937500000001,0.98477,0.00022375000000007805
4,k = 1,1,0.7000000000000001,0.9918999999999999,0.99124,0.0006599999999998829
4,k = 1,1,0.75,0.99609375,0.99642,0.0003262499999999724
4,k = 1,1,0.8,0.9984000000000001,0.99858,0.00017999999999995797
4,k = 1,1,0.8500000000000001,0.9994937500000001,0.99955,5.624999999997993e-05
4,k = 1,1,0.9,0.9999,0.99991,9.99999999995449e-06
4,k = 1,1,0.9500000000000001,0.99999375,1.0,6.249999999985434e-06
4,k = 1,1,1.0,1.0,1.0,0.0
4,k = n/2,2,0.0,0.0,0.0,0.0
4,k = n/2,2,0.05,0.014018750000000002,0.01435,0.0003312499999999982
4,k = n/2,2,0.1,0.05230000000000001,0.05338,0.0010799999999999838
4,k = n/2,2,0.15000000000000002,0.10951875000000001,0.11241,0.002891249999999984
4,k = n/2,2,0.2,0.18080000000000007,0.18007,0.0007300000000000639
4,k = n/2,2,0.25,0.26171875,0.26228,0.0005612500000000131
4,k = n/2,2,0.30000000000000004,0.34830000000000005,0.34533,0.002970000000000028
4,k = n/2,2,0.35000000000000003,0.43701875,0.43483,0.002188750000000017
4,k = n/2,2,0.4,0.5248,0.52556,0.0007599999999999829
4,k = n/2,2,0.45,0.6090187500000002,0.60841,0.0006087500000001578
4,k = n/2,2,0.5,0.6875,0.69022,0.0027199999999999447
4,k = n/2,2,0.55,0.75851875,0.75952,0.0010012499999999536
4,k = n/2,2,0.6000000000000001,0.8208000000000001,0.81904,0.0017600000000000948
4,k = n/2,2,0.65,0.8735187500000001,0.87469,0.001171249999999846
4,k = n/2,2,0.7000000000000001,0.9163,0.91618,0.00012000000000000899
4,k = n/2,2,0.75,0.94921875,0.94816,0.0010587499999999972
4,k = n/2,2,0.8,0.9728,0.97274,5.999999999994898e-05
4,k = n/2,2,0.8500000000000001,0.9880187500000001,0.98833,0.00031124999999998515
4,k = n/2,2,0.9,0.9963,0.99648,0.000180000000000069
4,k = n/2,2,0.9500000000000001,0.99951875,0.99956,4.124999999999268e-05
4,k = n/2,2,1.0,1.0,1.0,0.0
4,k = n,4,0.0,0.0,0.0,0.0
4,k = n,4,0.05,6.250000000000001e-06,0.0,6.250000000000001e-06
4,k = n,4,0.1,0.00010000000000000002,0.00013,2.999999999999997e-05
4,k = n,4,0.15000000000000002,0.0005062500000000003,0.00037,0.0001362500000000003
4,k = n,4,0.2,0.0016000000000000003,0.0016,2.168404344971009e-19
4,k = n,4,0.25,0.00390625,0.00356,0.0003462500000000002
4,k = n,4,0.30000000000000004,0.008100000000000005,0.00774,0.0003600000000000044
4,k = n,4,0.35000000000000003,0.015006250000000006,0.01501,3.7499999999950767e-06
4,k = n,4,0.4,0.025600000000000005,0.02618,0.0005799999999999937
4,k = n,4,0.45,0.04100625,0.0415,0.0004937500000000011
4,k = n,4,0.5,0.0625,0.06171,0.000789999999999999
4,k = n,4,0.55,0.09150625000000003,0.09121,0.00029625000000002566
4,k = n,4,0.6000000000000001,0.12960000000000008,0.13098,0.0013799999999999368
4,k = n,4,0.65,0.17850625000000003,0.177,0.0015062500000000423
4,k = n,4,0.7000000000000001,0.2401000000000001,0.2407,0.0005999999999999062
4,k = n,4,0.75,0.31640625,0.31463,0.0017762499999999792
4,k = n,4,0.8,0.4096000000000001,0.41159,0.0019899999999999363
4,k = n,4,0.8500000000000001,0.5220062500000002,0.52021,0.0017962500000002768
4,k = n,4,0.9,0.6561,0.65405,0.0020499999999999963
4,k = n,4,0.9500000000000001,0.8145062500000002,0.81448,2.625000000022748e-05
4,k = n,4,1.0,1.0,1.0,0.0
8,k = 1,1,0.0,0.0,0.0,0.0
8,k = 1,1,0.05,0.3365795687109373,0.34186,0.0052804312890626925
8,k = 1,1,0.1,0.5695327900000001,0.57124,0.001707209999999848
8,k = 1,1,0.15000000000000002,0.7275094749609375,0.72803,0.0005205250390624139
8,k = 1,1,0.2,0.8322278400000002,0.83204,0.0001878400000001612
8,k = 1,1,0.25,0.8998870849609375,0.90033,0.00044291503906246366
8,k = 1,1,0.30000000000000004,0.94235199,0.94203,0.0003219899999999942
8,k = 1,1,0.35000000000000003,0.9681355187109371,0.96884,0.0007044812890629748
8,k = 1,1,0.4,0.98320384,0.98323,2.6159999999997297e-05
8,k = 1,1,0.45,0.9916266062109378,0.9917,7.339378906223715e-05
8,k = 1,1,0.5,0.99609375,0.99617,7.624999999999993e-05
8,k = 1,1,0.55,0.9983184874609375,0.99824,7.848746093752634e-05
8,k = 1,1,0.6000000000000001,0.99934464,0.99932,2.46400000000202e-05
8,k = 1,1,0.65,0.9997748124609376,0.9998,2.518753906244342e-05
8,k = 1,1,0.7000000000000001,0.99993439,0.9999,3.4389999999939747e-05
8,k = 1,1,0.75,0.9999847412109375,1.0,1.52587890625e-05
8,k = 1,1,0.8,0.9999974399999999,1.0,2.560000000095819e-06
8,k = 1,1,0.8500000000000001,0.9999997437109376,1.0,2.562890624169256e-07
8,k = 1,1,0.9,0.99999999,1.0,1.0000000050247593e-08
8,k = 1,1,0.9500000000000001,0.9999999999609376,1.0,3.9062419965318895e-11
8,k = 1,1,1.0,1.0,1.0,0.0
8,k = n/2,4,0.0,0.0,0.0,0.0
8,k = n/2,4,0.05,0.00037175136718750005,0.00035,2.1751367187500053e-05
8,k = n/2,4,0.1,0.00502435,0.00469,0.0003343500000000006
8,k = n/2,4,0.15000000000000002,0.021352470117187505,0.0207,0.000652470117187505
8,k = n/2,4,0.2,0.056281600000000015,0.05635,6.839999999998236e-05
8,k = n/2,4,0.25,0.1138153076171875,0.113,0.0008153076171874968
8,k = n/2,4,0.30000000000000004,0.19410435000000006,0.1927,0.0014043500000000542
8,k = n/2,4,0.35000000000000003,0.2936005638671874,0.29401,0.0004094361328125795
8,k = n/2,4,0.4,0.4059136,0.40776,0.0018464000000000258
8,k = n/2,4,0.45,0.5230436888671877,0.52395,0.0009063111328123652
8,k = n/2,4,0.5,0.63671875,0.63375,0.0029687499999999645
8,k = n/2,4,0.55,0.7396192826171876,0.74053,0.0009107173828124537
8,k = n/2,4,0.6000000000000001,0.8263296000000001,0.82609,0.0002396000000001175
8,k = n/2,4,0.65,0.8939090951171875,0.89361,0.0002990951171875089
8,k = n/2,4,0.7000000000000001,0.9420323500000001,0.94052,0.0015123500000000512
8,k = n/2,4,0.75,0.9727020263671875,0.97189,0.0008120263671874683
8,k = n/2,4,0.8,0.9895936,0.98944,0.00015359999999997598
8,k = n/2,4,0.8500000000000001,0.9971461263671877,0.99731,0.00016387363281233913
8,k = n/2,4,0.9,0.99956835,0.99964,7.164999999997868e-05
8,k = n/2,4,0.9500000000000001,0.9999845951171875,0.99998,4.595117187533582e-06
8,k = n/2,4,1.0,1.0,1.0,0.0
8,k = n,8,0.0,0.0,0.0,0.0
8,k = n,8,0.05,3.906250000000002e-11,0.0,3.906250000000002e-11
8,k = n,8,0.1,1.0000000000000005e-08,0.0,1.0000000000000005e-08
8,k = n,8,0.15000000000000002,2.562890625000003e-07,0.0,2.562890625000003e-07
8,k = n,8,0.2,2.5600000000000013e-06,0.0,2.5600000000000013e-06
8,k = n,8,0.25,1.52587890625e-05,2e-05,4.741210937500002e-06
8,k = n,8,0.30000000000000004,6.561000000000007e-05,5e-05,1.561000000000007e-05
8,k = n,8,0.35000000000000003,0.00022518753906250016,0.00024,1.4812460937499845e-05
8,k = n,8,0.4,0.0006553600000000003,0.00079,0.00013463999999999967
8,k = n,8,0.45,0.0016815125390625004,0.00178,9.848746093749951e-05
8,k = n,8,0.5,0.00390625,0.00378,0.00012625000000000006
8,k = n,8,0.55,0.008373393789062506,0.00901,0.0006366062109374945
8,k = n,8,0.6000000000000001,0.01679616000000002,0.01659,0.00020616000000001772
8,k = n,8,0.65,0.03186448128906251,0.03182,4.448128906250903e-05
8,k = n,8,0.7000000000000001,0.05764801000000004,0.0566,0.0010480100000000436
8,k = n,8,0.75,0.1001129150390625,0.10067,0.0005570849609374956
8,k = n,8,0.8,0.1677721600000001,0.16881,0.001037839999999901
8,k = n,8,0.8500000000000001,0.27249052503906274,0.27313,0.0006394749609372474
8,k = n,8,0.9,0.4304672100000001,0.42898,0.0014872100000001276
8,k = n,8,0.9500000000000001,0.6634204312890629,0.66641,0.0029895687109370295
8,k = n,8,1.0,1.0,1.0,0.0
16,k = 1,1,0.0,0.0,0.0,0.0
16,k = 1,1,0.05,0.5598733313482339,0.55987,3.3313482339369926e-06
16,k = 1,1,0.1,0.8146979811148162,0.81554,0.0008420188851838706
16,k = 1,1,0.15000000000000002,0.9257489137639361,0.92483,0.0009189137639360467
16,k = 1,1,0.2,0.9718525023289354,0.97266,0.0008074976710645831
16,k = 1,1,0.25,0.9899774042423815,0.98967,0.00030740424238140385
16,k = 1,1,0.30000000000000004,0.9966767069430401,0.99674,6.329305695984555e-05
16,k = 1,1,0.35000000000000003,0.9989846548321782,0.99887,0.00011465483217820704
16,k = 1,1,0.4,0.9997178890092545,0.99961,0.00010788900925451372
16,k = 1,1,0.45,0.9999298862764544,0.99997,4.0113723545620594e-05
16,k = 1,1,0.5,0.9999847412109375,0.99999,5.25878906254551e-06
16,k = 1,1,0.55,0.999997172515581,1.0,2.827484419043458e-06
16,k = 1,1,0.6000000000000001,0.9999995705032704,1.0,4.294967296258889e-07
16,k = 1,1,0.65,0.9999999492905721,1.0,5.070942787899213e-08
16,k = 1,1,0.7000000000000001,0.9999999956953279,1.0,4.3046720632489155e-09
16,k = 1,1,0.75,0.9999999997671694,1.0,2.3283064365386963e-10
16,k = 1,1,0.8,0.9999999999934465,1.0,6.5535354920598365e-12
16,k = 1,1,0.8500000000000001,0.9999999999999344,1.0,6.561418075534675e-14
16,k = 1,1,0.9,0.9999999999999999,1.0,1.1102230246251565e-16
16,k = 1,1,0.9500000000000001,1.0,1.0,0.0
16,k = 1,1,1.0,1.0,1.0,0.0
16,k = n/2,8,0.0,0.0,0.0,0.0
16,k = n/2,8,0.05,3.4971946581450657e-07,0.0,3.4971946581450657e-07
16,k = n/2,8,0.1,6.132545293150004e-05,2e-05,4.1325452931500047e-05
16,k = n/2,8,0.15000000000000002,0.0010590036633254067,0.00107,1.0996336674593248e-05
16,k = n/2,8,0.2,0.007003561164800006,0.00754,0.0005364388351999936
16,k = n/2,8,0.25,0.0271299562882632,0.02603,0.0010999562882632007
16,k = n/2,8,0.30000000000000004,0.07435155005257957,0.07487,0.0005184499474204379
16,k = n/2,8,0.35000000000000003,0.15940537111985606,0.15946,5.462888014393097e-05
16,k = n/2,8,0.4,0.2839366472826881,0.28469,0.000753352717311917
16,k = n/2,8,0.45,0.43710066025091177,0.43625,0.0008506602509117389
16,k = n/2,8,0.5,0.5981903076171875,0.59523,0.002960307617187463
16,k = n/2,8,0.55,0.744108510545099,0.7454,0.0012914894549009848
16,k = n/2,8,0.6000000000000001,0.8577302820618241,0.85728,0.00045028206182406993
16,k = n/2,8,0.65,0.9329431095687273,0.93318,0.00023689043127272935
16,k = n/2,8,0.7000000000000001,0.9743264699450276,0.97478,0.0004535300549723953
16,k = n/2,8,0.75,0.9925302795600146,0.99233,0.00020027956001456015
16,k = n/2,8,0.8,0.998524061745152,0.99849,3.40617451519698e-05
16,k = n/2,8,0.8500000000000001,0.9998397900479495,0.9998,3.979004794951724e-05
16,k = n/2,8,0.9,0.9999940756769955,1.0,5.924323004502519e-06
16,k = n/2,8,0.9500000000000001,0.9999999838047902,1.0,1.6195209839864333e-08
16,k = n/2,8,1.0,1.0,1.0,0.0
16,k = n,16,0.0,0.0,0.0,0.0
16,k = n,16,0.05,1.5258789062500013e-21,0.0,1.5258789062500013e-21
16,k = n,16,0.1,1.0000000000000008e-16,0.0,1.0000000000000008e-16
16,k = n,16,0.15000000000000002,6.568408355712906e-14,0.0,6.568408355712906e-14
16,k = n,16,0.2,6.5536000000000055e-12,0.0,6.5536000000000055e-12
16,k = n,16,0.25,2.3283064365386963e-10,0.0,2.3283064365386963e-10
16,k = n,16,0.30000000000000004,4.30467210000001e-09,0.0,4.30467210000001e-09
16,k = n,16,0.35000000000000003,5.070942774902504e-08,0.0,5.070942774902504e-08
16,k = n,16,0.4,4.2949672960000036e-07,0.0,4.2949672960000036e-07
16,k = n,16,0.45,2.8274844190244165e-06,0.0,2.8274844190244165e-06
16,k = n,16,0.5,1.52587890625e-05,0.0,1.52587890625e-05
16,k = n,16,0.55,7.011372354671054e-05,7e-05,1.1372354671054623e-07
16,k = n,16,0.6000000000000001,0.00028211099074560065,0.00029,7.889009254399349e-06
16,k = n,16,0.65,0.0010153451678210146,0.00101,5.345167821014596e-06
16,k = n,16,0.7000000000000001,0.003323293056960105,0.00308,0.00024329305696010536
16,k = n,16,0.75,0.010022595757618546,0.01037,0.00034740424238145426
16,k = n,16,0.8,0.028147497671065624,0.02727,0.0008774976710656246
16,k = n,16,0.8500000000000001,0.07425108623606406,0.0737,0.0005510862360640634
16,k = n,16,0.9,0.18530201888518416,0.1845,0.0008020188851841636
16,k = n,16,0.9500000000000001,0.4401266686517662,0.43947,0.000656668651766168
16,k = n,16,1.0,1.0,1.0,0.0
